ID,Titulo,Fecha,Hora,Descripcion,Importancia
1,Cumple,14/11/1989,12:00,Gran fiesta sorpresa,False
ID,Titulo,Fecha,Hora,Descripcion,Importancia
1,Presentacion Proyecto,22/03/2023,10:00,Se presentara el proyecto en python. ,True
ID,Titulo,Fecha,Hora,Descripcion,Importancia
2,Festival Balderrama,29/03/2023,19:00,Festival gratis en la San Martin. Chaqueño,True
ID,Titulo,Fecha,Hora,Descripcion,Importancia
1,Cumple Mamá,20/12/2023,00:00,Fiesta Sorpresa,True
ID,Titulo,Fecha,Hora,Descripcion,Importancia
1,Cumple Ella,17/06/2023,00:00,Saludarla =),True
1,Cumple Ella,17/06/2023,00:00,Saludarla=),True
